Num,RT,Male,Female,None,Pct
100,28,15,8,5,0.6522
200,51,29,13,9,0.6905
300,90,49,25,16,0.6622
400,116,69,30,17,0.6970
500,144,90,35,19,0.7200
600,173,112,40,21,0.7368
700,189,125,42,22,0.7485
800,213,141,48,24,0.7460
900,237,156,54,27,0.7429
1000,267,172,62,33,0.7350
1100,296,188,73,35,0.7203
1200,317,201,79,37,0.7179
1300,334,212,84,38,0.7162
1400,360,220,92,48,0.7051
1500,388,239,95,54,0.7156
1600,415,254,103,58,0.7115
1700,451,274,114,63,0.7062
1800,483,291,123,69,0.7029
1900,501,302,129,70,0.7007
2000,533,319,139,75,0.6965
2100,569,346,147,76,0.7018
2200,610,366,163,81,0.6919
2300,639,382,172,85,0.6895
2400,675,407,180,88,0.6934
2500,706,426,189,91,0.6927
2600,742,443,198,101,0.6911
2700,780,468,208,104,0.6923
2800,814,490,217,107,0.6931
2900,846,510,226,110,0.6929
3000,886,532,234,120,0.6945
3100,912,549,239,124,0.6967
3200,942,565,247,130,0.6958
3300,970,584,254,132,0.6969
3400,1006,603,266,137,0.6939
3500,1033,616,276,141,0.6906
3600,1064,635,284,145,0.6910
3700,1098,656,293,149,0.6913
3800,1135,679,305,151,0.6900
3900,1181,708,316,157,0.6914
4000,1207,722,323,162,0.6909
4100,1232,736,331,165,0.6898
4200,1261,753,338,170,0.6902
4300,1300,769,351,180,0.6866
4400,1337,793,362,182,0.6866
4500,1364,805,372,187,0.6839
4600,1388,818,378,192,0.6839
4700,1427,839,392,196,0.6816
4800,1474,871,402,201,0.6842
4900,1509,887,418,204,0.6797
5000,1538,903,426,209,0.6795
5100,1565,914,434,217,0.6780
5200,1588,926,440,222,0.6779
5300,1617,941,452,224,0.6755
5400,1649,961,459,229,0.6768
5500,1676,976,468,232,0.6759
5600,1713,997,478,238,0.6759
5700,1751,1019,491,241,0.6748
5800,1784,1034,504,246,0.6723
5900,1828,1056,518,254,0.6709
6000,1864,1080,526,258,0.6725
6100,1902,1096,543,263,0.6687
6200,1935,1110,553,272,0.6675
6300,1966,1126,561,279,0.6675
6400,2008,1151,574,283,0.6672
6500,2034,1165,581,288,0.6672
6600,2058,1177,591,290,0.6657
6700,2087,1194,600,293,0.6656
6800,2121,1212,611,298,0.6648
6900,2160,1229,626,305,0.6625
7000,2204,1252,642,310,0.6610
7100,2247,1276,656,315,0.6605
7200,2269,1288,659,322,0.6615
7300,2300,1307,669,324,0.6614
7400,2338,1334,677,327,0.6634
7500,2362,1345,684,333,0.6629
7600,2408,1364,703,341,0.6599
7700,2440,1381,711,348,0.6601
7800,2477,1402,724,351,0.6595
7900,2519,1424,738,357,0.6586
8000,2557,1443,754,360,0.6568
8100,2593,1464,765,364,0.6568
8200,2626,1482,776,368,0.6563
8300,2662,1505,788,369,0.6563
8400,2703,1522,805,376,0.6541
8500,2737,1546,812,379,0.6556
8600,2770,1566,821,383,0.6561
8700,2802,1582,828,392,0.6564
8800,2830,1600,835,395,0.6571
8900,2845,1607,838,400,0.6573
9000,2871,1620,845,406,0.6572
9100,2905,1636,857,412,0.6562
9200,2935,1654,866,415,0.6563
9300,2973,1676,878,419,0.6562
9400,3014,1700,890,424,0.6564
9500,3042,1719,894,429,0.6579
9600,3068,1732,903,433,0.6573
9700,3094,1747,909,438,0.6578
9800,3132,1765,922,445,0.6569
9900,3158,1777,932,449,0.6560
10000,3184,1794,937,453,0.6569
10100,3201,1804,941,456,0.6572
10200,3230,1821,949,460,0.6574
10300,3254,1835,956,463,0.6575
10400,3274,1843,965,466,0.6563
10500,3294,1853,968,473,0.6569
10600,3316,1864,976,476,0.6563
10700,3349,1878,988,483,0.6553
10800,3382,1897,997,488,0.6555
10900,3409,1914,1004,491,0.6559
11000,3446,1933,1016,497,0.6555
11100,3476,1951,1023,502,0.6560
11200,3508,1967,1031,510,0.6561
11300,3532,1980,1040,512,0.6556
11400,3565,1997,1054,514,0.6545
11500,3584,2008,1061,515,0.6543
11600,3609,2022,1066,521,0.6548
11700,3629,2032,1073,524,0.6544
11800,3648,2048,1076,524,0.6556
11900,3679,2068,1083,528,0.6563
12000,3692,2072,1087,533,0.6559
12100,3722,2089,1097,536,0.6557
12200,3752,2100,1111,541,0.6540
12300,3792,2118,1124,550,0.6533
12400,3819,2129,1133,557,0.6527
12500,3845,2145,1141,559,0.6528
12600,3866,2161,1144,561,0.6539
12700,3899,2180,1158,561,0.6531
12800,3930,2194,1170,566,0.6522
12900,3948,2203,1178,567,0.6516
13000,3976,2217,1188,571,0.6511
13100,3998,2234,1191,573,0.6523
13200,4025,2250,1196,579,0.6529
13300,4048,2264,1200,584,0.6536
13400,4071,2276,1207,588,0.6535
13500,4099,2293,1217,589,0.6533
13600,4116,2303,1222,591,0.6533
13700,4141,2318,1230,593,0.6533
13800,4159,2327,1235,597,0.6533
13900,4184,2338,1244,602,0.6527
14000,4219,2359,1253,607,0.6531
14100,4254,2378,1265,611,0.6528
14200,4279,2395,1270,614,0.6535
14300,4305,2406,1281,618,0.6526
14400,4340,2427,1288,625,0.6533
14500,4370,2445,1299,626,0.6530
14600,4393,2453,1310,630,0.6519
14700,4411,2464,1316,631,0.6519
14800,4437,2473,1332,632,0.6499
14900,4462,2488,1340,634,0.6499
15000,4482,2498,1349,635,0.6493
15100,4509,2514,1355,640,0.6498
15200,4529,2520,1363,646,0.6490
15300,4557,2535,1372,650,0.6488
15400,4586,2549,1387,650,0.6476
15500,4603,2556,1395,652,0.6469
15600,4628,2571,1403,654,0.6470
15700,4649,2580,1409,660,0.6468
15800,4685,2600,1421,664,0.6466
15900,4704,2610,1427,667,0.6465
16000,4737,2625,1437,675,0.6462
16100,4771,2650,1442,679,0.6476
16200,4800,2664,1453,683,0.6471
16300,4830,2675,1466,689,0.6460
16400,4844,2681,1470,693,0.6459
16500,4872,2694,1481,697,0.6453
16600,4897,2706,1489,702,0.6451
16700,4923,2722,1495,706,0.6455
16800,4947,2730,1506,711,0.6445
16900,4963,2737,1512,714,0.6442
17000,4981,2749,1514,718,0.6449
17100,5005,2765,1518,722,0.6456
17200,5044,2796,1524,724,0.6472
17300,5067,2810,1529,728,0.6476
17400,5098,2825,1542,731,0.6469
17500,5117,2840,1543,734,0.6480
17600,5139,2855,1547,737,0.6486
17700,5171,2866,1560,745,0.6475
17800,5188,2872,1568,748,0.6468
17900,5220,2891,1577,752,0.6470
18000,5234,2896,1581,757,0.6469
18100,5267,2909,1595,763,0.6459
18200,5280,2915,1601,764,0.6455
18300,5301,2928,1606,767,0.6458
18400,5326,2943,1612,771,0.6461
18500,5347,2955,1617,775,0.6463
18600,5365,2966,1623,776,0.6463
18700,5394,2983,1634,777,0.6461
18800,5419,2992,1645,782,0.6452
18900,5438,2997,1650,791,0.6449
19000,5465,3013,1657,795,0.6452
19100,5494,3027,1667,800,0.6449
19200,5528,3048,1673,807,0.6456
19300,5556,3065,1677,814,0.6464
19400,5582,3079,1685,818,0.6463
19500,5610,3098,1690,822,0.6470
19600,5632,3107,1701,824,0.6462
19700,5651,3119,1706,826,0.6464
19800,5678,3134,1712,832,0.6467
19900,5697,3142,1721,834,0.6461
20000,5722,3161,1723,838,0.6472
20100,5740,3173,1728,839,0.6474
20200,5765,3183,1737,845,0.6470
20300,5789,3197,1742,850,0.6473
20400,5823,3217,1754,852,0.6472
20500,5838,3228,1757,853,0.6475
20600,5868,3246,1764,858,0.6479
20700,5888,3252,1770,866,0.6476
20800,5917,3267,1777,873,0.6477
20900,5937,3280,1781,876,0.6481
21000,5955,3289,1788,878,0.6478
21100,5969,3297,1792,880,0.6479
21200,5985,3302,1796,887,0.6477
21300,6004,3311,1803,890,0.6474
21400,6016,3315,1808,893,0.6471
21500,6037,3330,1814,893,0.6474
21600,6062,3346,1821,895,0.6476
21700,6084,3360,1828,896,0.6476
21800,6104,3371,1836,897,0.6474
21900,6118,3379,1839,900,0.6476
22000,6142,3395,1843,904,0.6481
22100,6173,3415,1851,907,0.6485
22200,6192,3429,1853,910,0.6492
22300,6222,3448,1859,915,0.6497
22400,6250,3467,1864,919,0.6503
22500,6273,3478,1869,926,0.6505
22600,6311,3498,1880,933,0.6504
22700,6329,3505,1884,940,0.6504
22800,6361,3524,1888,949,0.6511
22900,6382,3535,1891,956,0.6515
23000,6410,3548,1902,960,0.6510
23100,6439,3564,1907,968,0.6514
23200,6468,3581,1912,975,0.6519
23300,6502,3598,1924,980,0.6516
23400,6529,3614,1933,982,0.6515
23500,6554,3630,1935,989,0.6523
23600,6597,3657,1946,994,0.6527
23700,6622,3669,1956,997,0.6523
23800,6641,3679,1961,1001,0.6523
23900,6661,3693,1965,1003,0.6527
24000,6677,3698,1971,1008,0.6523
24100,6695,3710,1972,1013,0.6529
24200,6706,3718,1973,1015,0.6533
24300,6722,3728,1974,1020,0.6538
24400,6738,3738,1975,1025,0.6543
24500,6756,3745,1983,1028,0.6538
24600,6775,3755,1988,1032,0.6538
24700,6798,3767,1997,1034,0.6535
24800,6829,3789,2004,1036,0.6541
24900,6857,3801,2012,1044,0.6539
25000,6887,3817,2020,1050,0.6539
25100,6906,3826,2022,1058,0.6542
25200,6927,3841,2026,1060,0.6547
25300,6956,3862,2031,1063,0.6554
25400,6980,3875,2037,1068,0.6554
25500,7007,3890,2044,1073,0.6555
25600,7020,3900,2047,1073,0.6558
25700,7031,3903,2049,1079,0.6557
25800,7053,3918,2053,1082,0.6562
25900,7076,3928,2061,1087,0.6559
26000,7093,3938,2067,1088,0.6558
26100,7110,3947,2071,1092,0.6559
26200,7120,3951,2076,1093,0.6556
26300,7137,3962,2082,1093,0.6555
26400,7151,3970,2083,1098,0.6559
26500,7169,3978,2090,1101,0.6556
26600,7179,3985,2092,1102,0.6558
26700,7196,3995,2094,1107,0.6561
26800,7218,4006,2101,1111,0.6560
26900,7246,4020,2109,1117,0.6559
27000,7266,4029,2116,1121,0.6557
27100,7283,4041,2120,1122,0.6559
27200,7309,4054,2128,1127,0.6558
27300,7327,4066,2131,1130,0.6561
27400,7351,4078,2140,1133,0.6558
27500,7374,4085,2148,1141,0.6554
27600,7394,4097,2151,1146,0.6557
27700,7414,4108,2157,1149,0.6557
27800,7433,4120,2159,1154,0.6562
27900,7450,4127,2164,1159,0.6560
28000,7471,4138,2166,1167,0.6564
28100,7487,4147,2170,1170,0.6565
28200,7520,4162,2176,1182,0.6567
28300,7548,4175,2184,1189,0.6565
28400,7573,4186,2191,1196,0.6564
28500,7599,4198,2197,1204,0.6565
28600,7621,4209,2201,1211,0.6566
28700,7646,4218,2208,1220,0.6564
28800,7679,4235,2220,1224,0.6561
28900,7703,4247,2228,1228,0.6559
29000,7729,4261,2236,1232,0.6558
29100,7735,4265,2238,1232,0.6559
29200,7749,4271,2244,1234,0.6556
29300,7777,4290,2249,1238,0.6561
29400,7806,4313,2255,1238,0.6567
29500,7838,4332,2263,1243,0.6569
29600,7867,4346,2271,1250,0.6568
29700,7901,4363,2280,1258,0.6568
29800,7921,4370,2289,1262,0.6563
29900,7947,4383,2296,1268,0.6562
30000,7966,4396,2302,1268,0.6563
30100,7992,4413,2310,1269,0.6564
30200,8014,4426,2314,1274,0.6567
30300,8035,4440,2319,1276,0.6569
30400,8060,4455,2324,1281,0.6572
30500,8085,4469,2333,1283,0.6570
30600,8113,4488,2336,1289,0.6577
30700,8148,4508,2344,1296,0.6579
30800,8179,4532,2346,1301,0.6589
30900,8205,4551,2352,1302,0.6593
31000,8255,4585,2361,1309,0.6601
31100,8280,4599,2371,1310,0.6598
31200,8294,4609,2374,1311,0.6600
31300,8314,4620,2380,1314,0.6600
31400,8334,4633,2385,1316,0.6602
31500,8355,4644,2392,1319,0.6600
31600,8369,4651,2397,1321,0.6599
31700,8389,4662,2404,1323,0.6598
31800,8409,4673,2411,1325,0.6597
31900,8430,4688,2415,1327,0.6600
32000,8443,4694,2420,1329,0.6598
32100,8466,4708,2425,1333,0.6600
32200,8490,4724,2428,1338,0.6605
32300,8512,4741,2432,1339,0.6610
32400,8529,4751,2434,1344,0.6612
32500,8552,4765,2438,1349,0.6615
32600,8586,4786,2444,1356,0.6620
32700,8612,4804,2450,1358,0.6623
32800,8644,4824,2454,1366,0.6628
32900,8664,4836,2458,1370,0.6630
33000,8685,4848,2464,1373,0.6630
33100,8711,4863,2472,1376,0.6630
33200,8733,4872,2476,1385,0.6630
33300,8761,4887,2484,1390,0.6630
33400,8790,4901,2494,1395,0.6627
33500,8814,4912,2502,1400,0.6625
33600,8837,4928,2504,1405,0.6631
33700,8876,4950,2512,1414,0.6634
33800,8908,4972,2517,1419,0.6639
33900,8949,4993,2530,1426,0.6637
34000,8969,5004,2537,1428,0.6636
34100,8994,5019,2544,1431,0.6636
34200,9029,5045,2549,1435,0.6643
34300,9049,5057,2552,1440,0.6646
34400,9065,5065,2557,1443,0.6645
34500,9104,5084,2571,1449,0.6641
34600,9140,5109,2578,1453,0.6646
34700,9176,5131,2586,1459,0.6649
34800,9210,5151,2597,1462,0.6648
34900,9239,5168,2605,1466,0.6649
35000,9277,5191,2612,1474,0.6653
35100,9297,5198,2620,1479,0.6649
35200,9331,5218,2629,1484,0.6650
35300,9352,5233,2633,1486,0.6653
35400,9381,5246,2647,1488,0.6646
35500,9411,5261,2657,1493,0.6644
35600,9435,5276,2660,1499,0.6648
35700,9475,5298,2670,1507,0.6649
35800,9502,5316,2676,1510,0.6652
35900,9527,5331,2684,1512,0.6651
36000,9561,5350,2690,1521,0.6654
36100,9587,5361,2701,1525,0.6650
36200,9617,5381,2708,1528,0.6652
36300,9653,5407,2712,1534,0.6660
36400,9681,5422,2717,1542,0.6662
36500,9723,5451,2723,1549,0.6669
36600,9752,5478,2724,1550,0.6679
36700,9794,5506,2734,1554,0.6682
36800,9837,5529,2750,1558,0.6678
36900,9863,5540,2760,1563,0.6675
37000,9892,5558,2765,1569,0.6678
37100,9913,5564,2770,1579,0.6676
37200,9938,5580,2775,1583,0.6679
37300,9973,5601,2783,1589,0.6681
37400,9994,5613,2788,1593,0.6681
37500,10029,5632,2802,1595,0.6678
37600,10061,5642,2817,1602,0.6670
37700,10084,5656,2821,1607,0.6672
37800,10109,5666,2833,1610,0.6667
37900,10141,5688,2836,1617,0.6673
38000,10176,5707,2843,1626,0.6675
38100,10216,5732,2852,1632,0.6678
38200,10241,5744,2858,1639,0.6678
38300,10270,5761,2864,1645,0.6679
38400,10298,5776,2873,1649,0.6678
38500,10327,5790,2884,1653,0.6675
38600,10361,5811,2891,1659,0.6678
38700,10399,5835,2898,1666,0.6682
38800,10425,5850,2906,1669,0.6681
38900,10454,5860,2918,1676,0.6676
39000,10489,5882,2924,1683,0.6680
39100,10518,5897,2932,1689,0.6679
39200,10550,5920,2935,1695,0.6685
39300,10582,5935,2941,1706,0.6687
39400,10618,5960,2945,1713,0.6693
39500,10651,5982,2950,1719,0.6697
39600,10685,5998,2964,1723,0.6693
39700,10723,6017,2971,1735,0.6694
39800,10747,6025,2980,1742,0.6691
39900,10775,6045,2983,1747,0.6696
40000,10800,6058,2988,1754,0.6697
40100,10837,6080,2998,1759,0.6698
40200,10853,6091,3001,1761,0.6699
40300,10875,6102,3007,1766,0.6699
40400,10894,6113,3012,1769,0.6699
40500,10930,6133,3024,1773,0.6698
40600,10969,6156,3031,1782,0.6701
40700,10999,6173,3037,1789,0.6702
40800,11018,6184,3042,1792,0.6703
40900,11034,6192,3043,1799,0.6705
41000,11058,6208,3046,1804,0.6708
41100,11099,6236,3056,1807,0.6711
41200,11131,6257,3065,1809,0.6712
41300,11158,6273,3072,1813,0.6713
41400,11192,6297,3081,1814,0.6715
41500,11214,6312,3085,1817,0.6717
41600,11235,6326,3089,1820,0.6719
41700,11263,6342,3096,1825,0.6720
41800,11289,6364,3097,1828,0.6727
41900,11309,6376,3103,1830,0.6726
42000,11338,6394,3109,1835,0.6728
42100,11367,6413,3112,1842,0.6733
42200,11408,6434,3124,1850,0.6732
42300,11424,6440,3129,1855,0.6730
42400,11441,6452,3134,1855,0.6731
42500,11456,6461,3137,1858,0.6732
42600,11476,6473,3144,1859,0.6731
42700,11497,6487,3148,1862,0.6733
42800,11504,6492,3149,1863,0.6734
42900,11517,6498,3153,1866,0.6733
43000,11537,6507,3159,1871,0.6732
43100,11558,6519,3163,1876,0.6733
43200,11587,6537,3169,1881,0.6735
43300,11629,6557,3184,1888,0.6731
43400,11663,6582,3189,1892,0.6736
43500,11695,6602,3195,1898,0.6739
43600,11720,6620,3198,1902,0.6743
43700,11746,6637,3201,1908,0.6746
43800,11775,6652,3210,1913,0.6745
43900,11800,6666,3218,1916,0.6744
44000,11827,6679,3226,1922,0.6743
44100,11856,6694,3235,1927,0.6742
44200,11884,6710,3242,1932,0.6742
44300,11923,6730,3252,1941,0.6742
44400,11961,6755,3257,1949,0.6747
44500,11985,6771,3260,1954,0.6750
44600,12007,6787,3262,1958,0.6754
44700,12021,6797,3265,1959,0.6755
44800,12047,6812,3272,1963,0.6755
44900,12081,6833,3280,1968,0.6757
45000,12106,6844,3285,1977,0.6757
45100,12129,6861,3288,1980,0.6760
45200,12150,6868,3294,1988,0.6759
45300,12176,6885,3298,1993,0.6761
45400,12212,6904,3307,2001,0.6761
45500,12238,6915,3312,2011,0.6762
45600,12262,6930,3314,2018,0.6765
45700,12291,6950,3319,2022,0.6768
45800,12314,6966,3324,2024,0.6770
45900,12338,6980,3327,2031,0.6772
46000,12360,6990,3337,2033,0.6769
46100,12379,6997,3342,2040,0.6768
46200,12401,7004,3349,2048,0.6765
46300,12428,7017,3358,2053,0.6763
46400,12463,7037,3369,2057,0.6762
46500,12492,7052,3374,2066,0.6764
46600,12519,7067,3380,2072,0.6765
46700,12550,7081,3390,2079,0.6762
46800,12577,7097,3395,2085,0.6764
46900,12593,7107,3399,2087,0.6765
47000,12613,7118,3406,2089,0.6764
47100,12648,7135,3417,2096,0.6762
47200,12677,7151,3418,2108,0.6766
47300,12706,7165,3423,2118,0.6767
47400,12737,7185,3429,2123,0.6769
47500,12764,7200,3433,2131,0.6771
47600,12790,7211,3441,2138,0.6770
47700,12819,7224,3448,2147,0.6769
47800,12854,7246,3454,2154,0.6772
47900,12872,7257,3456,2159,0.6774
48000,12890,7266,3460,2164,0.6774
48100,12923,7285,3466,2172,0.6776
48200,12946,7295,3472,2179,0.6775
48300,12987,7304,3501,2182,0.6760
48400,13025,7329,3507,2189,0.6764
48500,13058,7343,3518,2197,0.6761
48600,13083,7354,3525,2204,0.6760
48700,13114,7371,3532,2211,0.6761
48800,13134,7379,3539,2216,0.6759
48900,13149,7388,3545,2216,0.6758
49000,13186,7408,3555,2223,0.6757
49100,13218,7427,3565,2226,0.6757
49200,13250,7447,3572,2231,0.6758
49300,13284,7464,3585,2235,0.6755
49400,13311,7476,3594,2241,0.6753
49500,13336,7486,3601,2249,0.6752
49600,13362,7502,3605,2255,0.6754
49700,13385,7508,3609,2268,0.6754
49800,13403,7515,3614,2274,0.6753
49900,13433,7536,3619,2278,0.6756
50000,13454,7544,3622,2288,0.6756
50100,13487,7559,3630,2298,0.6756
50200,13515,7573,3634,2308,0.6757
50300,13531,7580,3640,2311,0.6756
50400,13555,7591,3647,2317,0.6755
50500,13583,7604,3652,2327,0.6756
50600,13609,7614,3659,2336,0.6754
50700,13635,7629,3663,2343,0.6756
50800,13658,7638,3667,2353,0.6756
50900,13688,7653,3674,2361,0.6756
51000,13699,7657,3675,2367,0.6757
51100,13720,7664,3684,2372,0.6754
51200,13734,7670,3687,2377,0.6754
51300,13750,7676,3691,2383,0.6753
51400,13766,7684,3694,2388,0.6753
51500,13787,7692,3701,2394,0.6752
51600,13805,7700,3705,2400,0.6751
51700,13817,7703,3708,2406,0.6751
51800,13840,7708,3714,2418,0.6748
51900,13868,7716,3717,2435,0.6749
52000,13896,7728,3720,2448,0.6751
52100,13926,7741,3726,2459,0.6751
52200,13955,7753,3734,2468,0.6749
52300,13983,7769,3738,2476,0.6752
52400,14001,7776,3746,2479,0.6749
52500,14017,7785,3751,2481,0.6748
52600,14044,7800,3760,2484,0.6747
52700,14070,7819,3762,2489,0.6752
52800,14119,7845,3771,2503,0.6754
52900,14151,7866,3774,2511,0.6758
53000,14177,7885,3777,2515,0.6761
53100,14211,7908,3785,2518,0.6763
53200,14239,7923,3792,2524,0.6763
53300,14260,7935,3798,2527,0.6763
53400,14283,7943,3806,2534,0.6761
53500,14307,7953,3817,2537,0.6757
53600,14342,7974,3825,2543,0.6758
53700,14363,7988,3829,2546,0.6760
53800,14402,8005,3837,2560,0.6760
53900,14428,8022,3844,2562,0.6760
54000,14467,8049,3851,2567,0.6764
54100,14498,8070,3858,2570,0.6766
54200,14532,8093,3863,2576,0.6769
54300,14560,8109,3868,2583,0.6770
54400,14586,8126,3870,2590,0.6774
54500,14609,8141,3875,2593,0.6775
54600,14641,8167,3879,2595,0.6780
54700,14656,8175,3884,2597,0.6779
54800,14676,8187,3886,2603,0.6781
54900,14705,8205,3894,2606,0.6782
55000,14728,8219,3901,2608,0.6781
55100,14748,8233,3905,2610,0.6783
55200,14775,8253,3908,2614,0.6786
55300,14805,8270,3919,2616,0.6785
55400,14831,8283,3924,2624,0.6785
55500,14858,8300,3930,2628,0.6787
55600,14892,8326,3933,2633,0.6792
55700,14923,8343,3940,2640,0.6792
55800,14945,8362,3940,2643,0.6797
55900,14965,8375,3945,2645,0.6798
56000,14992,8388,3956,2648,0.6795
56100,15016,8400,3966,2650,0.6793
56200,15043,8417,3974,2652,0.6793
56300,15075,8439,3984,2652,0.6793
56400,15097,8449,3990,2658,0.6792
56500,15122,8459,4001,2662,0.6789
56600,15142,8473,4004,2665,0.6791
56700,15168,8491,4009,2668,0.6793
56800,15194,8504,4015,2675,0.6793
56900,15223,8525,4017,2681,0.6797
57000,15249,8544,4020,2685,0.6800
57100,15286,8567,4029,2690,0.6801
57200,15311,8582,4036,2693,0.6801
57300,15344,8596,4044,2704,0.6801
57400,15367,8607,4048,2712,0.6801
57500,15398,8624,4053,2721,0.6803
57600,15411,8629,4053,2729,0.6804
57700,15432,8634,4056,2742,0.6804
57800,15457,8642,4060,2755,0.6804
57900,15483,8655,4063,2765,0.6805
58000,15518,8673,4068,2777,0.6807
58100,15548,8693,4071,2784,0.6811
58200,15579,8703,4072,2804,0.6813
58300,15622,8714,4076,2832,0.6813
58400,15648,8726,4078,2844,0.6815
58500,15707,8743,4085,2879,0.6816
58600,15748,8761,4089,2898,0.6818
58700,15794,8774,4096,2924,0.6817
58800,15826,8786,4100,2940,0.6818
58900,15873,8796,4104,2973,0.6819
59000,15906,8819,4110,2977,0.6821
59100,15927,8836,4111,2980,0.6825
59200,15952,8854,4115,2983,0.6827
59300,15971,8865,4118,2988,0.6828
59400,15989,8875,4121,2993,0.6829
59500,16016,8889,4130,2997,0.6828
59600,16042,8899,4139,3004,0.6825
59700,16065,8907,4149,3009,0.6822
59800,16082,8912,4154,3016,0.6821
59900,16118,8932,4161,3025,0.6822
60000,16138,8943,4168,3027,0.6821
60100,16155,8955,4169,3031,0.6823
60200,16175,8965,4175,3035,0.6823
60300,16184,8972,4175,3037,0.6824
60400,16203,8984,4179,3040,0.6825
60500,16224,8998,4182,3044,0.6827
60600,16244,9010,4185,3049,0.6828
60700,16275,9031,4193,3051,0.6829
60800,16308,9048,4199,3061,0.6830
60900,16325,9060,4204,3061,0.6831
61000,16355,9074,4214,3067,0.6829
61100,16377,9084,4222,3071,0.6827
61200,16405,9106,4225,3074,0.6831
61300,16427,9123,4227,3077,0.6834
61400,16455,9136,4234,3085,0.6833
61500,16500,9159,4244,3097,0.6834
61600,16542,9189,4250,3103,0.6838
61700,16569,9203,4257,3109,0.6837
61800,16591,9218,4260,3113,0.6839
61900,16616,9236,4261,3119,0.6843
62000,16641,9253,4264,3124,0.6845
62100,16682,9275,4274,3133,0.6846
62200,16707,9288,4277,3142,0.6847
62300,16744,9314,4282,3148,0.6851
62400,16771,9332,4283,3156,0.6854
62500,16794,9337,4291,3166,0.6851
62600,16811,9346,4295,3170,0.6851
62700,16825,9354,4297,3174,0.6852
62800,16839,9362,4300,3177,0.6853
62900,16869,9378,4306,3185,0.6853
63000,16903,9400,4315,3188,0.6854
63100,16925,9417,4318,3190,0.6856
63200,16947,9433,4320,3194,0.6859
63300,16977,9455,4323,3199,0.6862
63400,16997,9470,4327,3200,0.6864
63500,17018,9481,4334,3203,0.6863
63600,17043,9495,4341,3207,0.6863
63700,17066,9509,4344,3213,0.6864
63800,17091,9518,4353,3220,0.6862
63900,17124,9534,4361,3229,0.6861
64000,17149,9552,4365,3232,0.6864
64100,17177,9571,4367,3239,0.6867
64200,17203,9587,4375,3241,0.6866
64300,17227,9603,4380,3244,0.6868
64400,17263,9623,4391,3249,0.6867
64500,17287,9640,4396,3251,0.6868
64600,17320,9659,4405,3256,0.6868
64700,17359,9685,4417,3257,0.6868
64800,17395,9705,4427,3263,0.6867
64900,17426,9722,4435,3269,0.6867
65000,17442,9732,4439,3271,0.6868
65100,17473,9746,4448,3279,0.6866
65200,17505,9769,4453,3283,0.6869
65300,17529,9787,4457,3285,0.6871
65400,17554,9805,4461,3288,0.6873
65500,17588,9825,4470,3293,0.6873
65600,17621,9848,4476,3297,0.6875
65700,17646,9865,4481,3300,0.6876
65800,17682,9889,4488,3305,0.6878
65900,17729,9925,4493,3311,0.6884
66000,17762,9942,4501,3319,0.6884
66100,17797,9965,4508,3324,0.6885
66200,17834,9989,4515,3330,0.6887
66300,17862,10006,4523,3333,0.6887
66400,17885,10023,4526,3336,0.6889
66500,17910,10041,4529,3340,0.6892
66600,17935,10059,4535,3341,0.6893
66700,17960,10076,4542,3342,0.6893
66800,17982,10089,4550,3343,0.6892
66900,18015,10108,4558,3349,0.6892
67000,18044,10127,4566,3351,0.6892
67100,18061,10138,4570,3353,0.6893
67200,18100,10164,4580,3356,0.6894
67300,18139,10191,4586,3362,0.6897
67400,18182,10220,4596,3366,0.6898
67500,18220,10240,4602,3378,0.6899
67600,18261,10266,4611,3384,0.6901
67700,18298,10287,4623,3388,0.6899
67800,18331,10299,4642,3390,0.6893
67900,18356,10316,4647,3393,0.6894
68000,18393,10341,4652,3400,0.6897
68100,18430,10362,4665,3403,0.6896
68200,18457,10382,4666,3409,0.6899
68300,18479,10398,4670,3411,0.6901
68400,18516,10428,4677,3411,0.6904
68500,18552,10449,4686,3417,0.6904
68600,18576,10467,4690,3419,0.6906
68700,18592,10476,4694,3422,0.6906
68800,18608,10484,4697,3427,0.6906
68900,18633,10502,4701,3430,0.6908
69000,18643,10510,4702,3431,0.6909
69100,18660,10516,4705,3439,0.6909
69200,18677,10530,4707,3440,0.6911
69300,18709,10549,4715,3445,0.6911
69400,18724,10557,4719,3448,0.6911
69500,18757,10577,4723,3457,0.6913
69600,18782,10594,4725,3463,0.6916
69700,18825,10627,4732,3466,0.6919
69800,18865,10659,4735,3471,0.6924
69900,18895,10679,4741,3475,0.6925
70000,18924,10699,4748,3477,0.6926
70100,18947,10717,4748,3482,0.6930
70200,18981,10736,4753,3492,0.6931
70300,19019,10766,4753,3500,0.6937
70400,19056,10790,4760,3506,0.6939
70500,19091,10813,4764,3514,0.6942
70600,19124,10832,4768,3524,0.6944
70700,19142,10842,4772,3528,0.6944
70800,19177,10862,4779,3536,0.6945
70900,19215,10884,4787,3544,0.6945
71000,19254,10911,4792,3551,0.6948
71100,19294,10933,4802,3559,0.6948
71200,19320,10955,4802,3563,0.6952
71300,19343,10971,4805,3567,0.6954
71400,19380,11000,4807,3573,0.6959
71500,19413,11026,4812,3575,0.6962
71600,19452,11059,4814,3579,0.6967
71700,19504,11093,4821,3590,0.6971
71800,19545,11127,4826,3592,0.6975
71900,19590,11159,4832,3599,0.6978
72000,19630,11185,4837,3608,0.6981
72100,19666,11209,4841,3616,0.6984
72200,19697,11227,4845,3625,0.6985
72300,19713,11239,4847,3627,0.6987
72400,19744,11260,4854,3630,0.6988
72500,19772,11278,4857,3637,0.6990
72600,19796,11288,4865,3643,0.6988
72700,19810,11294,4866,3650,0.6989
72800,19823,11302,4869,3652,0.6989
72900,19851,11326,4871,3654,0.6993
73000,19871,11340,4876,3655,0.6993
73100,19894,11352,4881,3661,0.6993
73200,19908,11358,4887,3663,0.6992
73300,19908,11358,4887,3663,0.6992
73400,19910,11358,4887,3665,0.6992
73500,19911,11358,4888,3665,0.6991
73600,19916,11361,4888,3667,0.6992
73700,19923,11364,4889,3670,0.6992
73800,19926,11367,4889,3670,0.6992
73900,19926,11367,4889,3670,0.6992
74000,19926,11367,4889,3670,0.6992
74100,19926,11367,4889,3670,0.6992
74200,19926,11367,4889,3670,0.6992
74300,19926,11367,4889,3670,0.6992
74400,19926,11367,4889,3670,0.6992
74500,19926,11367,4889,3670,0.6992
74600,19926,11367,4889,3670,0.6992
74700,19926,11367,4889,3670,0.6992
74800,19926,11367,4889,3670,0.6992
74900,19926,11367,4889,3670,0.6992
75000,19926,11367,4889,3670,0.6992
75100,19926,11367,4889,3670,0.6992
75200,19926,11367,4889,3670,0.6992
75300,19926,11367,4889,3670,0.6992
75400,19926,11367,4889,3670,0.6992
75500,19926,11367,4889,3670,0.6992
75600,19926,11367,4889,3670,0.6992
75700,19926,11367,4889,3670,0.6992
75800,19926,11367,4889,3670,0.6992
75900,19926,11367,4889,3670,0.6992
76000,19926,11367,4889,3670,0.6992
76100,19926,11367,4889,3670,0.6992
76200,19926,11367,4889,3670,0.6992
76300,19926,11367,4889,3670,0.6992
76400,19926,11367,4889,3670,0.6992
76500,19926,11367,4889,3670,0.6992
76600,19926,11367,4889,3670,0.6992
76700,19926,11367,4889,3670,0.6992
76800,19926,11367,4889,3670,0.6992
76900,19926,11367,4889,3670,0.6992
77000,19926,11367,4889,3670,0.6992
77100,19926,11367,4889,3670,0.6992
77200,19926,11367,4889,3670,0.6992
77300,19926,11367,4889,3670,0.6992
77400,19926,11367,4889,3670,0.6992
77500,19926,11367,4889,3670,0.6992
77600,19926,11367,4889,3670,0.6992
77700,19926,11367,4889,3670,0.6992
77800,19926,11367,4889,3670,0.6992
77900,19926,11367,4889,3670,0.6992
78000,19926,11367,4889,3670,0.6992
78100,19926,11367,4889,3670,0.6992
78200,19926,11367,4889,3670,0.6992
78300,19926,11367,4889,3670,0.6992
78400,19926,11367,4889,3670,0.6992
78500,19926,11367,4889,3670,0.6992
78600,19926,11367,4889,3670,0.6992
78700,19926,11367,4889,3670,0.6992
78800,19926,11367,4889,3670,0.6992
78900,19926,11367,4889,3670,0.6992
79000,19926,11367,4889,3670,0.6992
79100,19926,11367,4889,3670,0.6992
79200,19926,11367,4889,3670,0.6992
79300,19926,11367,4889,3670,0.6992
79400,19926,11367,4889,3670,0.6992
79500,19926,11367,4889,3670,0.6992
79600,19926,11367,4889,3670,0.6992
79700,19926,11367,4889,3670,0.6992
79800,19926,11367,4889,3670,0.6992
79900,19926,11367,4889,3670,0.6992
80000,19926,11367,4889,3670,0.6992
80100,19926,11367,4889,3670,0.6992
